id,srcip,srcmac,srcport,dstip,dstmac,dstport,protocol,packets,neighbors
0,192.168.50.45,64:00:6A:6E:20:01,58612,192.168.50.249,00:0C:26:0F:F4:57,8000,6,11066,-1
1,192.168.60.101,E0:DC:A0:35:A3:DA,102,192.168.60.107,54:B2:03:8B:7F:3B,62687,6,4792,-1
3,192.168.60.192,A4:CF:12:17:E8:E4,61463,192.168.60.2,B8:27:EB:08:52:93,1883,6,48,-1
4,192.168.50.248,54:B2:03:8B:7D:69,10036,192.168.50.106,02:01:A6:C3:D8:5E,502,6,144,-1
5,192.168.50.248,54:B2:03:8B:7D:69,10037,192.168.50.58,00:0F:73:01:35:66,44818,6,240,-1
6,192.168.50.248,54:B2:03:8B:7D:69,10108,192.168.50.59,F4:54:33:A3:C7:E5,44818,6,336,-1
7,192.168.50.248,54:B2:03:8B:7D:69,10035,192.168.50.223,00:80:F4:4C:1F:C7,502,6,144,-1
8,192.168.50.248,54:B2:03:8B:7D:69,10034,192.168.50.237,B8:27:EB:9B:97:84,502,6,336,-1
9,192.168.50.248,54:B2:03:8B:7D:69,10038,192.168.50.218,00:80:F4:4C:CB:9E,502,6,144,-1
10,192.168.50.248,54:B2:03:8B:7D:69,49320,192.168.50.249,00:0C:26:0F:F4:57,56902,6,748,-1
11,192.168.50.249,00:0C:26:0F:F4:57,10763,192.168.50.45,64:00:6A:6E:20:01,58609,6,64,-1
12,192.168.50.249,00:0C:26:0F:F4:57,10763,192.168.50.45,64:00:6A:6E:20:01,58608,6,64,-1
13,192.168.50.249,00:0C:26:0F:F4:57,10763,192.168.50.45,64:00:6A:6E:20:01,58607,6,64,-1
14,192.168.50.249,00:0C:26:0F:F4:57,10763,192.168.50.45,64:00:6A:6E:20:01,58606,6,64,-1
16,192.168.60.201,E0:DC:A0:58:67:99,102,192.168.60.202,E0:DC:A0:72:6A:50,59544,6,76,-1
23,192.168.60.225,58:52:8A:F7:C5:DD,5010,192.168.60.149,00:0C:26:1E:FD:20,42613,6,8,-1
62,192.168.60.210,B8:27:EB:B8:03:59,35238,192.168.60.5,00:E0:4C:DC:00:6A,514,6,4,-1
658,192.168.60.191,BC:30:5B:B5:40:A4,49313,192.168.51.141,AC:F5:E6:D9:FE:C4,8080,6,4,-1
788,192.168.60.107,54:B2:03:8B:7F:3B,60309,151.101.1.195,AC:F5:E6:D9:FE:C4,80,6,2,-1
790,192.168.50.45,64:00:6A:6E:20:01,50636,52.152.110.14,AC:F5:E6:D9:FE:E8,443,6,2,-1
794,192.168.50.45,64:00:6A:6E:20:01,50637,52.113.195.132,AC:F5:E6:D9:FE:E8,443,6,2,-1
796,192.168.50.45,64:00:6A:6E:20:01,50638,51.105.71.136,AC:F5:E6:D9:FE:E8,443,6,2,-1
797,192.168.50.45,64:00:6A:6E:20:01,50639,20.190.154.137,AC:F5:E6:D9:FE:E8,443,6,2,-1
798,192.168.50.45,64:00:6A:6E:20:01,50640,52.113.195.132,AC:F5:E6:D9:FE:E8,443,6,2,-1
799,192.168.50.45,64:00:6A:6E:20:01,50641,172.217.164.163,AC:F5:E6:D9:FE:E8,80,6,2,-1
800,192.168.60.107,54:B2:03:8B:7F:3B,60310,20.190.151.132,AC:F5:E6:D9:FE:C4,443,6,2,-1
804,192.168.60.107,54:B2:03:8B:7F:3B,60311,20.54.89.106,AC:F5:E6:D9:FE:C4,443,6,4,-1
805,192.168.50.45,64:00:6A:6E:20:01,50642,52.113.195.132,AC:F5:E6:D9:FE:E8,443,6,4,-1
808,192.168.50.45,64:00:6A:6E:20:01,50643,52.113.195.132,AC:F5:E6:D9:FE:E8,443,6,4,-1
810,192.168.60.191,BC:30:5B:B5:40:A4,49350,142.251.33.206,AC:F5:E6:D9:FE:C4,443,6,4,-1
811,192.168.60.131,64:00:6A:86:06:BB,51145,20.54.89.106,AC:F5:E6:D9:FE:C4,443,6,4,-1
813,192.168.60.191,BC:30:5B:B5:40:A4,49351,142.251.33.206,AC:F5:E6:D9:FE:C4,443,6,4,-1
814,192.168.60.111,64:00:6A:83:F1:99,52415,13.69.239.72,AC:F5:E6:D9:FE:C4,443,6,4,-1
815,192.168.50.45,64:00:6A:6E:20:01,50644,52.113.195.132,AC:F5:E6:D9:FE:E8,443,6,6,-1
816,192.168.60.183,BC:30:5B:B1:D4:44,52010,192.168.50.18,AC:F5:E6:D9:FE:C4,443,6,6,-1
817,192.168.60.159,BC:30:5B:B5:3A:D9,9168,192.168.50.18,AC:F5:E6:D9:FE:C4,443,6,4,-1
818,192.168.60.111,64:00:6A:83:F1:99,52416,20.54.89.106,AC:F5:E6:D9:FE:C4,443,6,8,-1
819,192.168.60.107,54:B2:03:8B:7F:3B,60312,151.101.1.195,AC:F5:E6:D9:FE:C4,80,6,6,-1
820,192.168.50.126,00:50:56:B2:38:03,34148,192.168.50.248,54:B2:03:8B:7D:69,80,6,18,-1
821,192.168.50.45,64:00:6A:6E:20:01,50645,52.152.110.14,AC:F5:E6:D9:FE:E8,443,6,6,-1
822,192.168.60.191,BC:30:5B:B5:40:A4,49352,54.239.152.51,AC:F5:E6:D9:FE:C4,443,6,4,-1
823,192.168.50.45,64:00:6A:6E:20:01,50646,52.113.195.132,AC:F5:E6:D9:FE:E8,443,6,6,-1
824,192.168.60.191,BC:30:5B:B5:40:A4,49353,54.239.152.51,AC:F5:E6:D9:FE:C4,443,6,4,-1
825,192.168.50.45,64:00:6A:6E:20:01,50647,51.105.71.136,AC:F5:E6:D9:FE:E8,443,6,4,-1
826,192.168.50.45,64:00:6A:6E:20:01,50648,52.168.117.173,AC:F5:E6:D9:FE:E8,443,6,4,-1
827,192.168.50.132,00:50:56:B2:18:3B,45802,192.168.50.248,54:B2:03:8B:7D:69,80,6,18,-1
828,192.168.50.127,00:50:56:B2:3E:E6,56622,192.168.50.106,02:01:A6:C3:D8:5E,80,6,24,-1
829,192.168.50.45,64:00:6A:6E:20:01,50649,52.113.195.132,AC:F5:E6:D9:FE:E8,443,6,2,-1
1774,192.168.50.50,54:B8:0A:38:7A:BD,53932,10.113.0.201,D0:EC:35:59:2F:EB,2055,17,80,-1
1775,192.168.0.100,00:50:56:6F:F3:7F,12055,192.168.60.5,00:E0:4C:DC:00:6A,2055,17,858,-1
1776,192.168.60.90,E0:DC:A0:56:8B:11,49155,192.168.60.254,AC:F5:E6:D9:FE:C4,123,17,16,-1
1797,192.168.50.248,54:B2:03:8B:7D:69,49152,169.254.255.255,AC:F5:E6:D9:FE:E8,64669,17,8,-1
1798,192.168.50.248,54:B2:03:8B:7D:69,49152,192.168.50.255,FF:FF:FF:FF:FF:FF,64669,17,52,-1
1799,192.168.50.248,54:B2:03:8B:7D:69,49152,255.255.255.255,FF:FF:FF:FF:FF:FF,64669,17,52,-1
1806,192.168.50.1,D0:EC:35:59:2F:EB,55516,10.113.0.201,AC:F5:E6:D9:FE:E8,2055,17,3,-1
1811,192.168.0.101,00:50:56:6F:F3:7F,12055,192.168.60.5,00:E0:4C:DC:00:6A,2055,17,4,-1
1827,192.168.50.248,54:B2:03:8B:7D:69,49673,255.255.255.255,FF:FF:FF:FF:FF:FF,1947,17,13,-1
3888,192.168.60.210,B8:27:EB:B8:03:59,44404,8.8.8.8,AC:F5:E6:D9:FE:C4,53,17,4,-1
3920,192.168.50.106,02:01:A6:C3:D8:5E,53808,8.8.8.8,AC:F5:E6:D9:FE:E8,53,17,4,-1
3922,192.168.51.205,00:0C:29:16:71:6E,38903,199.7.83.42,AC:F5:E6:D9:FE:C6,53,17,2,-1
3923,192.168.51.25,9C:B6:D0:93:1E:AD,42725,192.168.51.205,00:0C:29:16:71:6E,53,17,4,-1
3924,192.168.51.25,9C:B6:D0:93:1E:AD,42229,192.168.51.205,00:0C:29:16:71:6E,53,17,4,-1
3925,192.168.51.205,00:0C:29:16:71:6E,36303,8.8.8.8,AC:F5:E6:D9:FE:C6,53,17,4,-1
3926,192.168.51.205,00:0C:29:16:71:6E,34389,8.8.8.8,AC:F5:E6:D9:FE:C6,53,17,4,-1
3927,192.168.50.50,54:B8:0A:38:7A:BD,34447,8.8.8.8,D0:EC:35:59:2F:EB,53,17,10,-1
3928,192.168.50.50,54:B8:0A:38:7A:BD,60970,8.8.8.8,D0:EC:35:59:2F:EB,53,17,10,-1
3929,192.168.51.205,00:0C:29:16:71:6E,34815,199.7.91.13,AC:F5:E6:D9:FE:C6,53,17,2,-1
3930,192.168.50.45,64:00:6A:6E:20:01,65495,172.16.31.100,AC:F5:E6:D9:FE:E8,53,17,4,-1
3931,192.168.51.137,B8:27:EB:A3:D9:7B,33556,192.168.51.205,00:0C:29:16:71:6E,53,17,8,-1
3932,192.168.51.205,00:0C:29:16:71:6E,43521,192.58.128.30,AC:F5:E6:D9:FE:C6,53,17,2,-1
3933,192.168.51.25,9C:B6:D0:93:1E:AD,59241,192.168.51.205,00:0C:29:16:71:6E,53,17,4,-1
3934,192.168.51.205,00:0C:29:16:71:6E,51264,8.8.8.8,AC:F5:E6:D9:FE:C6,53,17,4,-1
3935,192.168.50.50,54:B8:0A:38:7A:BD,34090,8.8.8.8,D0:EC:35:59:2F:EB,53,17,10,-1
3936,192.168.50.50,54:B8:0A:38:7A:BD,20452,8.8.8.8,D0:EC:35:59:2F:EB,53,17,10,-1
3937,192.168.51.205,00:0C:29:16:71:6E,59571,198.41.0.4,AC:F5:E6:D9:FE:C6,53,17,2,-1
3938,192.168.50.19,B4:FB:E4:5E:27:33,54967,255.255.255.255,FF:FF:FF:FF:FF:FF,10002,17,13,-1
3939,192.168.51.205,00:0C:29:16:71:6E,39739,192.33.4.12,AC:F5:E6:D9:FE:C6,53,17,2,-1
3940,192.168.51.137,B8:27:EB:A3:D9:7B,59524,192.168.51.205,00:0C:29:16:71:6E,53,17,8,-1
3941,192.168.51.25,9C:B6:D0:93:1E:AD,36155,192.168.51.205,00:0C:29:16:71:6E,53,17,4,-1
3942,192.168.51.205,00:0C:29:16:71:6E,40050,192.203.230.10,AC:F5:E6:D9:FE:C6,53,17,2,-1
3943,192.168.50.50,54:B8:0A:38:7A:BD,49889,8.8.8.8,D0:EC:35:59:2F:EB,53,17,10,-1
3944,192.168.50.50,54:B8:0A:38:7A:BD,12277,8.8.8.8,D0:EC:35:59:2F:EB,53,17,10,-1
3945,192.168.51.205,00:0C:29:16:71:6E,43476,192.112.36.4,AC:F5:E6:D9:FE:C6,53,17,2,-1
3946,192.168.50.50,54:B8:0A:38:7A:BD,11335,8.8.8.8,D0:EC:35:59:2F:EB,53,17,10,-1
3947,192.168.50.50,54:B8:0A:38:7A:BD,42978,8.8.8.8,D0:EC:35:59:2F:EB,53,17,10,-1
3948,192.168.50.50,54:B8:0A:38:7A:BD,53770,8.8.8.8,D0:EC:35:59:2F:EB,53,17,10,-1
3949,192.168.50.50,54:B8:0A:38:7A:BD,29854,8.8.8.8,D0:EC:35:59:2F:EB,53,17,10,-1
3950,192.168.51.137,B8:27:EB:A3:D9:7B,60309,192.168.51.205,00:0C:29:16:71:6E,53,17,8,-1
3951,192.168.51.205,00:0C:29:16:71:6E,33751,199.9.14.201,AC:F5:E6:D9:FE:C6,53,17,2,-1
3952,192.168.60.210,B8:27:EB:B8:03:59,58107,8.8.8.8,AC:F5:E6:D9:FE:C4,53,17,4,-1
3953,192.168.51.205,00:0C:29:16:71:6E,38259,193.0.14.129,AC:F5:E6:D9:FE:C6,53,17,2,-1
3954,192.168.51.137,B8:27:EB:A3:D9:7B,38086,192.168.51.205,00:0C:29:16:71:6E,53,17,8,-1
3955,192.168.50.50,54:B8:0A:38:7A:BD,14618,8.8.8.8,D0:EC:35:59:2F:EB,53,17,10,-1
3956,192.168.50.50,54:B8:0A:38:7A:BD,16169,8.8.8.8,D0:EC:35:59:2F:EB,53,17,10,-1
3957,192.168.50.45,64:00:6A:6E:20:01,59103,172.16.31.100,AC:F5:E6:D9:FE:E8,53,17,4,-1
3958,192.168.50.45,64:00:6A:6E:20:01,49650,172.16.31.100,AC:F5:E6:D9:FE:E8,53,17,6,-1
3959,192.168.60.104,00:12:AB:1C:13:31,2065,192.168.60.205,00:50:56:B2:0A:A3,53,17,4,-1
3960,192.168.51.137,B8:27:EB:A3:D9:7B,40512,192.168.51.205,00:0C:29:16:71:6E,53,17,8,-1
3961,192.168.50.106,02:01:A6:C3:D8:5E,48921,8.8.8.8,AC:F5:E6:D9:FE:E8,53,17,4,-1
3962,192.168.50.106,02:01:A6:C3:D8:5E,51895,8.8.8.8,AC:F5:E6:D9:FE:E8,53,17,4,-1
3963,192.168.60.104,00:12:AB:1C:13:31,2064,198.60.22.240,AC:F5:E6:D9:FE:C4,123,17,2,-1
3964,192.168.50.50,54:B8:0A:38:7A:BD,26791,8.8.8.8,D0:EC:35:59:2F:EB,53,17,10,-1
3965,192.168.50.50,54:B8:0A:38:7A:BD,57486,8.8.8.8,D0:EC:35:59:2F:EB,53,17,10,-1
3966,192.168.60.159,BC:30:5B:B5:3A:D9,63412,8.8.8.8,AC:F5:E6:D9:FE:C4,53,17,2,-1
51663,192.168.60.254,AC:F5:E6:D9:FE:C4,-1,192.168.60.107,54:B2:03:8B:7F:3B,-1,1,1,-1
51664,192.168.60.254,AC:F5:E6:D9:FE:C4,-1,192.168.60.107,54:B2:03:8B:7F:3B,-1,1,1,-1
51668,192.168.50.115,B8:27:EB:69:78:1C,-1,192.168.50.218,00:80:F4:4C:CB:9E,-1,1,1,-1
51669,192.168.50.115,B8:27:EB:69:78:1C,-1,192.168.50.218,00:80:F4:4C:CB:9E,-1,1,1,-1
51670,192.168.50.218,00:80:F4:4C:CB:9E,-1,192.168.50.115,B8:27:EB:69:78:1C,-1,1,1,-1
51671,192.168.50.218,00:80:F4:4C:CB:9E,-1,192.168.50.115,B8:27:EB:69:78:1C,-1,1,1,-1
51712,192.168.60.5,00:E0:4C:DC:00:6A,-1,192.168.0.100,AC:F5:E6:D9:FE:C4,-1,1,1,-1
51713,192.168.60.5,00:E0:4C:DC:00:6A,-1,192.168.0.100,AC:F5:E6:D9:FE:C4,-1,1,1,-1
51715,192.168.50.254,AC:F5:E6:D9:FE:E8,-1,192.168.50.45,64:00:6A:6E:20:01,-1,1,1,-1
51716,192.168.50.254,AC:F5:E6:D9:FE:E8,-1,192.168.50.45,64:00:6A:6E:20:01,-1,1,1,-1
51813,192.168.60.254,AC:F5:E6:D9:FE:C4,-1,192.168.60.210,B8:27:EB:B8:03:59,-1,1,1,-1
51814,192.168.60.254,AC:F5:E6:D9:FE:C4,-1,192.168.60.210,B8:27:EB:B8:03:59,-1,1,1,-1
51850,192.168.50.115,B8:27:EB:69:78:1C,-1,192.168.50.218,00:80:F4:4C:CB:9E,-1,1,1,-1
51851,192.168.50.115,B8:27:EB:69:78:1C,-1,192.168.50.218,00:80:F4:4C:CB:9E,-1,1,1,-1
51852,192.168.50.218,00:80:F4:4C:CB:9E,-1,192.168.50.115,B8:27:EB:69:78:1C,-1,1,1,-1
51853,192.168.50.218,00:80:F4:4C:CB:9E,-1,192.168.50.115,B8:27:EB:69:78:1C,-1,1,1,-1
51890,192.168.60.5,00:E0:4C:DC:00:6A,-1,192.168.0.100,AC:F5:E6:D9:FE:C4,-1,1,1,-1
51891,192.168.60.5,00:E0:4C:DC:00:6A,-1,192.168.0.100,AC:F5:E6:D9:FE:C4,-1,1,1,-1
51965,192.168.50.254,AC:F5:E6:D9:FE:E8,-1,192.168.50.45,64:00:6A:6E:20:01,-1,1,1,-1
51966,192.168.50.254,AC:F5:E6:D9:FE:E8,-1,192.168.50.45,64:00:6A:6E:20:01,-1,1,1,-1
51975,192.168.50.115,B8:27:EB:69:78:1C,-1,192.168.50.218,00:80:F4:4C:CB:9E,-1,1,1,-1
51976,192.168.50.115,B8:27:EB:69:78:1C,-1,192.168.50.218,00:80:F4:4C:CB:9E,-1,1,1,-1
51977,192.168.50.218,00:80:F4:4C:CB:9E,-1,192.168.50.115,B8:27:EB:69:78:1C,-1,1,1,-1
51978,192.168.50.218,00:80:F4:4C:CB:9E,-1,192.168.50.115,B8:27:EB:69:78:1C,-1,1,1,-1
52020,192.168.60.5,00:E0:4C:DC:00:6A,-1,192.168.0.100,AC:F5:E6:D9:FE:C4,-1,1,1,-1
52021,192.168.60.5,00:E0:4C:DC:00:6A,-1,192.168.0.100,AC:F5:E6:D9:FE:C4,-1,1,1,-1
52038,192.168.50.254,AC:F5:E6:D9:FE:E8,-1,192.168.50.45,64:00:6A:6E:20:01,-1,1,1,-1
52039,192.168.50.254,AC:F5:E6:D9:FE:E8,-1,192.168.50.45,64:00:6A:6E:20:01,-1,1,1,-1
52077,192.168.50.115,B8:27:EB:69:78:1C,-1,192.168.50.218,00:80:F4:4C:CB:9E,-1,1,1,-1
52078,192.168.50.115,B8:27:EB:69:78:1C,-1,192.168.50.218,00:80:F4:4C:CB:9E,-1,1,1,-1
52079,192.168.50.218,00:80:F4:4C:CB:9E,-1,192.168.50.115,B8:27:EB:69:78:1C,-1,1,1,-1
52080,192.168.50.218,00:80:F4:4C:CB:9E,-1,192.168.50.115,B8:27:EB:69:78:1C,-1,1,1,-1
52117,192.168.60.5,00:E0:4C:DC:00:6A,-1,192.168.0.100,AC:F5:E6:D9:FE:C4,-1,1,1,-1
52118,192.168.60.5,00:E0:4C:DC:00:6A,-1,192.168.0.100,AC:F5:E6:D9:FE:C4,-1,1,1,-1
52119,192.168.50.254,AC:F5:E6:D9:FE:E8,-1,192.168.50.45,64:00:6A:6E:20:01,-1,1,1,-1
52120,192.168.50.254,AC:F5:E6:D9:FE:E8,-1,192.168.50.45,64:00:6A:6E:20:01,-1,1,1,-1
52159,192.168.50.115,B8:27:EB:69:78:1C,-1,192.168.50.218,00:80:F4:4C:CB:9E,-1,1,1,-1
52160,192.168.50.115,B8:27:EB:69:78:1C,-1,192.168.50.218,00:80:F4:4C:CB:9E,-1,1,1,-1
52161,192.168.50.218,00:80:F4:4C:CB:9E,-1,192.168.50.115,B8:27:EB:69:78:1C,-1,1,1,-1
52162,192.168.50.218,00:80:F4:4C:CB:9E,-1,192.168.50.115,B8:27:EB:69:78:1C,-1,1,1,-1
52163,192.168.60.254,AC:F5:E6:D9:FE:C4,-1,192.168.60.111,64:00:6A:83:F1:99,-1,1,1,-1
52164,192.168.60.254,AC:F5:E6:D9:FE:C4,-1,192.168.60.111,64:00:6A:83:F1:99,-1,1,1,-1
52168,192.168.60.5,00:E0:4C:DC:00:6A,-1,192.168.0.100,AC:F5:E6:D9:FE:C4,-1,1,1,-1
52169,192.168.60.5,00:E0:4C:DC:00:6A,-1,192.168.0.100,AC:F5:E6:D9:FE:C4,-1,1,1,-1
52171,192.168.50.254,AC:F5:E6:D9:FE:E8,-1,192.168.50.50,54:B8:0A:38:7A:BD,-1,1,1,-1
52172,192.168.50.254,AC:F5:E6:D9:FE:E8,-1,192.168.50.50,54:B8:0A:38:7A:BD,-1,1,1,-1
52227,192.168.50.115,B8:27:EB:69:78:1C,-1,192.168.50.218,00:80:F4:4C:CB:9E,-1,1,1,-1
52228,192.168.50.115,B8:27:EB:69:78:1C,-1,192.168.50.218,00:80:F4:4C:CB:9E,-1,1,1,-1
52229,192.168.50.218,00:80:F4:4C:CB:9E,-1,192.168.50.115,B8:27:EB:69:78:1C,-1,1,1,-1
52230,192.168.50.218,00:80:F4:4C:CB:9E,-1,192.168.50.115,B8:27:EB:69:78:1C,-1,1,1,-1
52231,192.168.60.254,AC:F5:E6:D9:FE:C4,-1,192.168.60.111,64:00:6A:83:F1:99,-1,1,1,-1
52232,192.168.60.254,AC:F5:E6:D9:FE:C4,-1,192.168.60.111,64:00:6A:83:F1:99,-1,1,1,-1
52234,192.168.50.254,AC:F5:E6:D9:FE:E8,-1,192.168.50.50,54:B8:0A:38:7A:BD,-1,1,1,-1
52235,192.168.50.254,AC:F5:E6:D9:FE:E8,-1,192.168.50.50,54:B8:0A:38:7A:BD,-1,1,1,-1
52237,192.168.60.5,00:E0:4C:DC:00:6A,-1,192.168.0.100,AC:F5:E6:D9:FE:C4,-1,1,1,-1
52238,192.168.60.5,00:E0:4C:DC:00:6A,-1,192.168.0.100,AC:F5:E6:D9:FE:C4,-1,1,1,-1
52256,192.168.50.254,AC:F5:E6:D9:FE:E8,-1,192.168.50.45,64:00:6A:6E:20:01,-1,1,1,-1
52257,192.168.50.254,AC:F5:E6:D9:FE:E8,-1,192.168.50.45,64:00:6A:6E:20:01,-1,1,1,-1
52259,192.168.60.254,AC:F5:E6:D9:FE:C4,-1,192.168.60.107,54:B2:03:8B:7F:3B,-1,1,1,-1
52260,192.168.60.254,AC:F5:E6:D9:FE:C4,-1,192.168.60.107,54:B2:03:8B:7F:3B,-1,1,1,-1
52269,192.168.50.115,B8:27:EB:69:78:1C,-1,192.168.50.218,00:80:F4:4C:CB:9E,-1,1,1,-1
52270,192.168.50.115,B8:27:EB:69:78:1C,-1,192.168.50.218,00:80:F4:4C:CB:9E,-1,1,1,-1
52271,192.168.50.218,00:80:F4:4C:CB:9E,-1,192.168.50.115,B8:27:EB:69:78:1C,-1,1,1,-1
52272,192.168.50.218,00:80:F4:4C:CB:9E,-1,192.168.50.115,B8:27:EB:69:78:1C,-1,1,1,-1
52288,192.168.60.5,00:E0:4C:DC:00:6A,-1,192.168.0.100,AC:F5:E6:D9:FE:C4,-1,1,1,-1
52289,192.168.60.5,00:E0:4C:DC:00:6A,-1,192.168.0.100,AC:F5:E6:D9:FE:C4,-1,1,1,-1
52304,192.168.50.254,AC:F5:E6:D9:FE:E8,-1,192.168.50.45,64:00:6A:6E:20:01,-1,1,1,-1
52305,192.168.50.254,AC:F5:E6:D9:FE:E8,-1,192.168.50.45,64:00:6A:6E:20:01,-1,1,1,-1
52306,192.168.60.5,00:E0:4C:DC:00:6A,-1,192.168.0.101,AC:F5:E6:D9:FE:C4,-1,1,1,-1
52307,192.168.60.5,00:E0:4C:DC:00:6A,-1,192.168.0.101,AC:F5:E6:D9:FE:C4,-1,1,1,-1
52308,192.168.60.5,00:E0:4C:DC:00:6A,-1,192.168.0.101,AC:F5:E6:D9:FE:C4,-1,1,1,-1
52309,192.168.60.5,00:E0:4C:DC:00:6A,-1,192.168.0.101,AC:F5:E6:D9:FE:C4,-1,1,1,-1
52344,192.168.50.115,B8:27:EB:69:78:1C,-1,192.168.50.218,00:80:F4:4C:CB:9E,-1,1,1,-1
52345,192.168.50.115,B8:27:EB:69:78:1C,-1,192.168.50.218,00:80:F4:4C:CB:9E,-1,1,1,-1
52346,192.168.60.254,AC:F5:E6:D9:FE:C4,-1,192.168.60.111,64:00:6A:83:F1:99,-1,1,1,-1
52347,192.168.60.254,AC:F5:E6:D9:FE:C4,-1,192.168.60.111,64:00:6A:83:F1:99,-1,1,1,-1
52348,192.168.50.218,00:80:F4:4C:CB:9E,-1,192.168.50.115,B8:27:EB:69:78:1C,-1,1,1,-1
52349,192.168.50.218,00:80:F4:4C:CB:9E,-1,192.168.50.115,B8:27:EB:69:78:1C,-1,1,1,-1
52368,192.168.60.5,00:E0:4C:DC:00:6A,-1,192.168.0.100,AC:F5:E6:D9:FE:C4,-1,1,1,-1
52369,192.168.60.5,00:E0:4C:DC:00:6A,-1,192.168.0.100,AC:F5:E6:D9:FE:C4,-1,1,1,-1
52404,192.168.60.254,AC:F5:E6:D9:FE:C4,-1,192.168.60.107,54:B2:03:8B:7F:3B,-1,1,1,-1
52405,192.168.60.254,AC:F5:E6:D9:FE:C4,-1,192.168.60.107,54:B2:03:8B:7F:3B,-1,1,1,-1
52406,192.168.50.254,AC:F5:E6:D9:FE:E8,-1,192.168.50.50,54:B8:0A:38:7A:BD,-1,1,1,-1
52407,192.168.50.254,AC:F5:E6:D9:FE:E8,-1,192.168.50.50,54:B8:0A:38:7A:BD,-1,1,1,-1
52412,192.168.50.115,B8:27:EB:69:78:1C,-1,192.168.50.218,00:80:F4:4C:CB:9E,-1,1,1,-1
52413,192.168.50.115,B8:27:EB:69:78:1C,-1,192.168.50.218,00:80:F4:4C:CB:9E,-1,1,1,-1
52414,192.168.50.218,00:80:F4:4C:CB:9E,-1,192.168.50.115,B8:27:EB:69:78:1C,-1,1,1,-1
52415,192.168.50.218,00:80:F4:4C:CB:9E,-1,192.168.50.115,B8:27:EB:69:78:1C,-1,1,1,-1
52432,192.168.60.254,AC:F5:E6:D9:FE:C4,-1,192.168.60.191,BC:30:5B:B5:40:A4,-1,1,1,-1
52433,192.168.60.254,AC:F5:E6:D9:FE:C4,-1,192.168.60.191,BC:30:5B:B5:40:A4,-1,1,1,-1
52512,192.168.60.5,00:E0:4C:DC:00:6A,-1,192.168.0.100,AC:F5:E6:D9:FE:C4,-1,1,1,-1
52513,192.168.60.5,00:E0:4C:DC:00:6A,-1,192.168.0.100,AC:F5:E6:D9:FE:C4,-1,1,1,-1
52515,192.168.50.254,AC:F5:E6:D9:FE:E8,-1,192.168.50.45,64:00:6A:6E:20:01,-1,1,1,-1
52516,192.168.50.254,AC:F5:E6:D9:FE:E8,-1,192.168.50.45,64:00:6A:6E:20:01,-1,1,1,-1
52546,192.168.50.254,AC:F5:E6:D9:FE:E8,-1,192.168.50.45,64:00:6A:6E:20:01,-1,1,1,-1
52547,192.168.50.254,AC:F5:E6:D9:FE:E8,-1,192.168.50.45,64:00:6A:6E:20:01,-1,1,1,-1
52569,192.168.50.115,B8:27:EB:69:78:1C,-1,192.168.50.218,00:80:F4:4C:CB:9E,-1,1,1,-1
52570,192.168.50.115,B8:27:EB:69:78:1C,-1,192.168.50.218,00:80:F4:4C:CB:9E,-1,1,1,-1
52571,192.168.50.218,00:80:F4:4C:CB:9E,-1,192.168.50.115,B8:27:EB:69:78:1C,-1,1,1,-1
52572,192.168.50.218,00:80:F4:4C:CB:9E,-1,192.168.50.115,B8:27:EB:69:78:1C,-1,1,1,-1
52575,192.168.60.254,AC:F5:E6:D9:FE:C4,-1,192.168.60.107,54:B2:03:8B:7F:3B,-1,1,1,-1
52576,192.168.60.254,AC:F5:E6:D9:FE:C4,-1,192.168.60.107,54:B2:03:8B:7F:3B,-1,1,1,-1
52590,192.168.60.5,00:E0:4C:DC:00:6A,-1,192.168.0.100,AC:F5:E6:D9:FE:C4,-1,1,1,-1
52591,192.168.60.5,00:E0:4C:DC:00:6A,-1,192.168.0.100,AC:F5:E6:D9:FE:C4,-1,1,1,-1
52673,192.168.50.254,AC:F5:E6:D9:FE:E8,-1,192.168.50.106,02:01:A6:C3:D8:5E,-1,1,1,-1
52674,192.168.50.254,AC:F5:E6:D9:FE:E8,-1,192.168.50.106,02:01:A6:C3:D8:5E,-1,1,1,-1
52691,192.168.50.115,B8:27:EB:69:78:1C,-1,192.168.50.218,00:80:F4:4C:CB:9E,-1,1,1,-1
52692,192.168.50.115,B8:27:EB:69:78:1C,-1,192.168.50.218,00:80:F4:4C:CB:9E,-1,1,1,-1
52693,192.168.50.218,00:80:F4:4C:CB:9E,-1,192.168.50.115,B8:27:EB:69:78:1C,-1,1,1,-1
52694,192.168.50.218,00:80:F4:4C:CB:9E,-1,192.168.50.115,B8:27:EB:69:78:1C,-1,1,1,-1
52698,192.168.50.254,AC:F5:E6:D9:FE:E8,-1,192.168.50.45,64:00:6A:6E:20:01,-1,1,1,-1
52699,192.168.50.254,AC:F5:E6:D9:FE:E8,-1,192.168.50.45,64:00:6A:6E:20:01,-1,1,1,-1
52702,192.168.60.5,00:E0:4C:DC:00:6A,-1,192.168.0.100,AC:F5:E6:D9:FE:C4,-1,1,1,-1
52703,192.168.60.5,00:E0:4C:DC:00:6A,-1,192.168.0.100,AC:F5:E6:D9:FE:C4,-1,1,1,-1
52809,192.168.50.254,AC:F5:E6:D9:FE:E8,-1,192.168.50.45,64:00:6A:6E:20:01,-1,1,1,-1
52810,192.168.50.254,AC:F5:E6:D9:FE:E8,-1,192.168.50.45,64:00:6A:6E:20:01,-1,1,1,-1
52901,192.168.50.115,B8:27:EB:69:78:1C,-1,192.168.50.218,00:80:F4:4C:CB:9E,-1,1,1,-1
52902,192.168.50.115,B8:27:EB:69:78:1C,-1,192.168.50.218,00:80:F4:4C:CB:9E,-1,1,1,-1
52903,192.168.50.218,00:80:F4:4C:CB:9E,-1,192.168.50.115,B8:27:EB:69:78:1C,-1,1,1,-1
52904,192.168.50.218,00:80:F4:4C:CB:9E,-1,192.168.50.115,B8:27:EB:69:78:1C,-1,1,1,-1
52907,192.168.60.254,AC:F5:E6:D9:FE:C4,-1,192.168.60.191,BC:30:5B:B5:40:A4,-1,1,1,-1
52908,192.168.60.254,AC:F5:E6:D9:FE:C4,-1,192.168.60.191,BC:30:5B:B5:40:A4,-1,1,1,-1
52909,192.168.60.5,00:E0:4C:DC:00:6A,-1,192.168.0.100,AC:F5:E6:D9:FE:C4,-1,1,1,-1
52910,192.168.60.5,00:E0:4C:DC:00:6A,-1,192.168.0.100,AC:F5:E6:D9:FE:C4,-1,1,1,-1
